{"cameraMode":{"drawMode":0,"name":"Shaded","section":"Shading Mode"},"sceneLighting":true,"audioPlay":false,"sceneViewState":{"m_AlwaysRefresh":false,"showFog":true,"showSkybox":true,"showFlares":true,"showImageEffects":true,"showParticleSystems":true,"showVisualEffectGraphs":true,"m_FxEnabled":true},"in2DMode":false,"pivot":{"x":4.22935152053833,"y":4.894978046417236,"z":2.255178928375244},"rotation":{"x":-0.07673465460538864,"y":0.0005949381738901138,"z":-0.00004560973320621997,"w":-0.9970611929893494},"size":16.778776168823243,"orthographic":false}